review,sentiment
The product works perfectly,positive
Worth the money,positive
Excellent customer service,positive
Superb shopping experience,positive
Average experience,neutral
Very fast delivery,positive
Terrible customer support,negative
Packaging was very good,positive
Packaging was damaged,negative
Delivery was completed,neutral
Superb shopping experience,positive
Delivery was delayed,negative
The color is different,neutral
Very fast delivery,positive
Very fast delivery,positive
Poor product quality,negative
Product is available online,neutral
Not as expected,negative
The product works perfectly,positive
The product works perfectly,positive
The size is medium,neutral
Very fast delivery,positive
Poor product quality,negative
Bad shopping experience,negative
Packaging was very good,positive
I loved this product,positive
Not as expected,negative
The color is different,neutral
Amazing product quality,positive
Excellent customer service,positive
Waste of money,negative
Very fast delivery,positive
Packaging was very good,positive
Excellent customer service,positive
Very satisfied with the purchase,positive
Amazing product quality,positive
Worth the money,positive
Amazing product quality,positive
Poor product quality,negative
The size is medium,neutral
Average experience,neutral
Very fast delivery,positive
Highly recommended,positive
Delivery was delayed,negative
Would not recommend,negative
Worth the money,positive
Poor product quality,negative
Very fast delivery,positive
Packaging was very good,positive
Waste of money,negative
Poor product quality,negative
Packaging was very good,positive
Worth the money,positive
Packaging was damaged,negative
Superb shopping experience,positive
Bad shopping experience,negative
I loved this product,positive
Product stopped working,negative
Very disappointing,negative
Bad shopping experience,negative
The product arrived today,neutral
Poor product quality,negative
Terrible customer support,negative
The product works perfectly,positive
Waste of money,negative
Used the product twice,neutral
Superb shopping experience,positive
Very disappointing,negative
Very satisfied with the purchase,positive
Bad shopping experience,negative
The product works perfectly,positive
Used the product twice,neutral
Superb shopping experience,positive
Used the product twice,neutral
Very fast delivery,positive
Product is available online,neutral
Worth the money,positive
Waste of money,negative
Packaging was damaged,negative
Poor product quality,negative
Highly recommended,positive
Worth the money,positive
Excellent customer service,positive
Product stopped working,negative
Not as expected,negative
Packaging was damaged,negative
Packaging was very good,positive
Terrible customer support,negative
Very fast delivery,positive
Product stopped working,negative
Not as expected,negative
I loved this product,positive
Highly recommended,positive
Worth the money,positive
Packaging was damaged,negative
Amazing product quality,positive
The product works perfectly,positive
The product works perfectly,positive
Very fast delivery,positive
Terrible customer support,negative
The size is medium,neutral
Would not recommend,negative
Highly recommended,positive
The product works perfectly,positive
Delivery was completed,neutral
Excellent customer service,positive
Average experience,neutral
Very fast delivery,positive
Packaging was very good,positive
Very disappointing,negative
Would not recommend,negative
The color is different,neutral
Delivery was completed,neutral
Very satisfied with the purchase,positive
Amazing product quality,positive
The color is different,neutral
Superb shopping experience,positive
Superb shopping experience,positive
Packaging was very good,positive
Received the package,neutral
The product works perfectly,positive
Poor product quality,negative
Waste of money,negative
Waste of money,negative
Average experience,neutral
Very disappointing,negative
Not as expected,negative
Very satisfied with the purchase,positive
Terrible customer support,negative
Excellent customer service,positive
Very satisfied with the purchase,positive
I loved this product,positive
Worth the money,positive
Worth the money,positive
Not as expected,negative
Product stopped working,negative
Amazing product quality,positive
Product stopped working,negative
The product works perfectly,positive
Very fast delivery,positive
Superb shopping experience,positive
Product stopped working,negative
Very satisfied with the purchase,positive
The color is different,neutral
Superb shopping experience,positive
Received the package,neutral
The product arrived today,neutral
The product works perfectly,positive
Excellent customer service,positive
Excellent customer service,positive
Excellent customer service,positive
Excellent customer service,positive
Worth the money,positive
Product stopped working,negative
Packaging was very good,positive
I loved this product,positive
I loved this product,positive
Very satisfied with the purchase,positive
Highly recommended,positive
Product stopped working,negative
Poor product quality,negative
The size is medium,neutral
Not as expected,negative
Product stopped working,negative
Packaging was very good,positive
Basic features are included,neutral
The color is different,neutral
Waste of money,negative
Packaging was very good,positive
I loved this product,positive
Delivery was delayed,negative
Worth the money,positive
Amazing product quality,positive
Packaging was damaged,negative
Highly recommended,positive
Bad shopping experience,negative
I loved this product,positive
Bad shopping experience,negative
The product works perfectly,positive
Product stopped working,negative
The size is medium,neutral
Very fast delivery,positive
I loved this product,positive
Terrible customer support,negative
Not as expected,negative
Highly recommended,positive
I loved this product,positive
Delivery was completed,neutral
Packaging was very good,positive
Delivery was delayed,negative
The product works perfectly,positive
The color is different,neutral
The product works perfectly,positive
Excellent customer service,positive
The color is different,neutral
Would not recommend,negative
Packaging was very good,positive
Not as expected,negative
Basic features are included,neutral
Very satisfied with the purchase,positive
Average experience,neutral
Excellent customer service,positive
Product is available online,neutral
Poor product quality,negative
Delivery was delayed,negative
Superb shopping experience,positive
The size is medium,neutral
I loved this product,positive
The color is different,neutral
The product works perfectly,positive
The color is different,neutral
Very satisfied with the purchase,positive
Delivery was delayed,negative
Amazing product quality,positive
Amazing product quality,positive
Poor product quality,negative
Very disappointing,negative
Amazing product quality,positive
Very satisfied with the purchase,positive
Amazing product quality,positive
Very disappointing,negative
Packaging was very good,positive
Would not recommend,negative
Worth the money,positive
Waste of money,negative
Bad shopping experience,negative
Highly recommended,positive
Used the product twice,neutral
The size is medium,neutral
Amazing product quality,positive
Poor product quality,negative
Product stopped working,negative
The product arrived today,neutral
Amazing product quality,positive
Not as expected,negative
Amazing product quality,positive
The item is okay,neutral
Superb shopping experience,positive
The product works perfectly,positive
Very fast delivery,positive
Amazing product quality,positive
I loved this product,positive
Terrible customer support,negative
Received the package,neutral
Very satisfied with the purchase,positive
The product works perfectly,positive
Highly recommended,positive
Delivery was completed,neutral
Superb shopping experience,positive
Packaging was very good,positive
Very satisfied with the purchase,positive
Packaging was damaged,negative
Would not recommend,negative
Packaging was damaged,negative
Packaging was damaged,negative
Waste of money,negative
Waste of money,negative
Terrible customer support,negative
Amazing product quality,positive
Very fast delivery,positive
Worth the money,positive
Very fast delivery,positive
Excellent customer service,positive
Used the product twice,neutral
Waste of money,negative
Superb shopping experience,positive
Very disappointing,negative
Very satisfied with the purchase,positive
Delivery was completed,neutral
Terrible customer support,negative
Received the package,neutral
Product stopped working,negative
Product stopped working,negative
Excellent customer service,positive
Terrible customer support,negative
The item is okay,neutral
Terrible customer support,negative
Very fast delivery,positive
Bad shopping experience,negative
Worth the money,positive
Very fast delivery,positive
Worth the money,positive
Packaging was very good,positive
Waste of money,negative
Excellent customer service,positive
Very fast delivery,positive
The product arrived today,neutral
Poor product quality,negative
Would not recommend,negative
The product arrived today,neutral
Product stopped working,negative
Bad shopping experience,negative
Bad shopping experience,negative
Very satisfied with the purchase,positive
The color is different,neutral
I loved this product,positive
Highly recommended,positive
I loved this product,positive
Waste of money,negative
Very satisfied with the purchase,positive
